bgg_id,name,comment
433339,6 nimmt! Baron Oxx,
437261,MicroMacro: Kids – Crazy City Park,
450175,Hitster Rock: Bob!,
438478,echoes: Die Titanic-Affäre,
452346,Hitster: Celebration,
440608,Hitster: 100% NL,
433382,The Sandcastles of Burgundy,
435930,That's Not a Hat: Incognito,
437214,EXIT: The Game – Adventures on Catan,
437306,Parks (Second Edition),
448043,Steam Power: Deluxe Edition,
445019,EXIT: The Game – The Circus Mystery,
420033,Vantage,
448291,Unlock!: Short Adventures – The Song of the Sea Spray,
415843,Puerto Rico 1897: Special Edition,
